Bokmal,English
jeg,I
det,the
er,is
du,you
ikke,not
en,one
og,and
i,in
har,hair
vi,we
på,on
å,to
til,to
deg,yourself
med,with
meg,me
han,he
for,for
hva,what
som,as
at,that
så,so
kan,can
de,the
den,it
var,our
vil,want
om,about
av,of
men,but
skal,shall
et,somewhere
ja,yes
her,here
hun,she
bare,just
dette,this
dere,you
må,must
noe,something
nei,no
vet,know
nå,now
ham,him
min,my
ut,out
kom,arrive
da,then
din,your
oss,us
ha,have
gjør,do
hvor,where
fra,from
være,be
noen,some
der,there
dem,them
igjen,again
se,see
ta,toe
ville,wanted
kommer,arrive
alle,everyone
går,yesterday
alt,everything
tror,believe
hvorfor,why
hvordan,how
få,few
gjøre,do
hvis,if
opp,up
seg,themselves
ingen,no
hadde,had
sa,so
bra,Good
henne,her
får,sheep
når,when
blir,becomes
takk,thanks
gå,go
eller,or
bli,become
si,say
ser,look
hvem,whose
la,let
hei,Hi
litt,slightly
inn,inside
etter,after
ble,became
denne,this
kanskje,maybe
tilbake,back
aldri,never
vel,well
ok,ok
skulle,should have
jo,Yes
trenger,need
to,two
sier,says
kunne,may
vært,been
mer,more
også,also
før,for
over,above
man,mane
tar,take
mye,a lot
selv,self
god,good
gi,give
nok,enough
mitt,my
hans,his
sammen,together
gjorde,did
dag,day
enn,than
gang,passage
andre,second
vær,weather
fikk,got
ned,down
sett,set
mine,mine
greit,reduce
siden,since
ditt,yours
helt,hero
mot,against
år,year
faen,fuck
hele,all
deres,their
snakke,talk
komme,come
godt,well
ved,by
fordi,because
gjort,done
dra,drag
rett,straight
liker,liken
mann,man
folk,folk
alltid,always
mener,believe
mange,many
dine,your
sånn,like that
sant,true
ting,thing
tok,took
vent,wait
vår,our
hjem,home
tre,three
finne,find
unnskyld,Pardon
beklager,sorry
veldig,very
hold,hold
burde,should
tid,time
ingenting,nothing
trodde,believed
uten,without
hit,here
bedre,better
gikk,walked
hjelpe,help
morgen,morning
livet,life
akkurat,just
vite,know
kveld,evening
visste,knew
virkelig,really
elsker,lover
skjer,happens
slik,such
lenge,long
snakker,speaks
sir,sir
kjenner,know
sin,its
samme,same
står,stands
far,father
ute,out
første,first
hjelp,help
feil,error
snill,kind
død,death
herregud,Oh my God
forstår,understand
disse,these
pappa,dad
gir,gear
siste,last
hennes,her
mamma,mom
helvete,hell
fant,found
én,one
eneste,only
hør,hear
under,under
sted,place
blitt,become
barn,children
vei,road
bør,load
klar,clear
holder,holder
heter,named
skjedde,happened
slutt,end
visst,of
prøver,trial
penger,money
drepe,kill
fint,nice
hallo,hello
tro,believe
mr.,Mr.
husker,remember
drar,is
døde,died
borte,gone
mor,tender
redd,afraid
snart,soon
rundt,round
beste,best
holde,hold
faren,danger
like,like
finner,finds
våre,our
høre,hear
bilen,car
flere,several
verden,world
tatt,taken
hver,each
gud,God
venn,friend
annet,second
hos,at
hører,listen
måtte,had to
veien,road
fortelle,tell
bort,over
først,first
inne,in
fått,received
glad,happy
ga,go
gjennom,through
heller,rather
stor,big
betyr,means
liv,life
tiden,time
lei,sorry
sikker,secure
neste,next
mannen,man
sikkert,certainly
lenger,farther
fortsatt,still
annen,other
gjerne,happily
hørte,heard
unna,away
nye,new
sagt,said
fem,five
vekk,away
alene,alone
hatt,hat
snakket,talked
flott,great
derfor,therefore
store,big
skjønner,understand
føler,feel
menn,men
klart,clear
ny,new
liten,small
jobber,job
mr,MR
dø,die
håper,hope
jævla,damn
grunn,superficial
ennå,yet
klarer,clear
dager,days
tenkte,thought
politiet,police
byen,city
ganger,times
pengene,money
jobb,job
langt,far
venner,friends
sitt,its
faktisk,actual
nesten,almost
drepte,killed
huset,house
jobben,job
kjære,dear
minutter,minutes
gamle,old
hjemme,at home
venter,wait
ellers,else
dagen,day
vårt,our
hverandre,each other
fire,four
begge,both
navn,name
dit,there
moren,the mother
gutt,boy
be,pray
bak,behind
hørt,heard
natt,night
fort,fast
nettopp,just
familien,family
ferdig,finished
herfra,from here
drept,killed
virker,works
tenk,think
mens,while
stedet,place
møte,Meeting
stille,silent
ei,a
dollar,dollars
lille,little
engang,once
ett,one
måte,manner
dårlig,bad
hyggelig,nice
sine,their
hodet,head
funnet,found
orden,order
synes,think
gode,good
ganske,pretty
par,couple
senere,future
begynner,begins
galt,hog
ba,pray
prøve,try
slå,hit
tenker,thinker
vanskelig,difficult
vise,show
lkke,lk
ringer,rings
slags,kind
ti,ten
allerede,already
ønsker,wishes
del,share
fortell,tell
gått,walked
hvilken,which
prøvde,tried
pokker,damn
tenke,imagine
saken,case
skyld,fault
klare,manage
gammel,old
bruke,use
uansett,regardless
slipp,release
mistet,lost
viktig,important
spør,traces
sånt,such
helst,preferably
jente,girl
øyeblikk,moment
tenkt,thought
spørsmål,questions
mellom,between
bor,drill
mi,mi
dør,door
egen,own
kvinne,woman
ligger,is located
ord,word
stopp,stop
dro,look
stemmer,votes
rolig,calm
a,a
nytt,news
ber,pray
fortalte,told
riktig,correct
all,all
fin,fine
kommet,arrived
stå,stand
lett,easy
timer,hour
vente,wait
redde,save
spise,eat
høres,sounds
treffe,hit
setter,set
mennesker,human beings
jenta,girl
sitter,seat
sønn,son
legg,lay
slapp,relax
velkommen,welcome
spiller,player
bryr,care
ringe,ring
syns,Seems
skje,happen
kaptein,captain
fyr,guy
mat,food
sette,set
john,John
jobbet,work
fyren,guy
di,
leve,living
tak,roof
enda,though
seks,six
selvsagt,of course
egentlig,really
bruker,User
mulig,possible
gutten,boy
åpne,to open
finnes,exists
jack,jack
best,best
lang,long
problem,problem
full,full
problemer,problem
ses,sess
videre,further
navnet,name
lever,liver
holdt,gave
imot,against
utenfor,outside
spørre,ask
utrolig,incredible
satt,sat
kone,wife
dreper,kill
sent,late
tom,empty
fins,exist
nede,down
oppe,upstairs
ring,ring
kjeft,jaw
lar,thigh
skjedd,happened
begynte,began
kona,wife
ringte,called
hus,House
hater,hate
mindre,less
hente,get
fantastisk,fantastic
hjelper,helper
new,new
fremdeles,still
barna,kids
gutter,boys
jobbe,work
handler,war
mest,most
spille,play
selvfølgelig,of course
stort,large
fram,forward
kaller,calls
ro,row
vennen,friend
glem,forget
rommet,space
kjøre,drive
øynene,eyes
tusen,thousand
vann,water
forsiktig,careful
sjanse,chance
skolen,the school
kjører,driving
løp,run
gal,crazy
lover,law
herr,sir
gangen,time
resten,rest
side,page
pass,passport
fred,peace
sønnen,son
lage,make
plass,place
familie,family
sannheten,truth
ekte,genuine
kjent,known
fri,free
uke,week
foran,in front of
våpen,guns
fast,solid
an,phrase
lite,small
broren,brother
måneder,months
landet,country
snakk,talk
s,S
hvert,each
driver,driver
tur,trip
tidligere,previously
kvinner,women
the,The
ønske,desire
prøv,try
bil,car
valg,choice
legge,lay
bror,brother
føles,feels
vondt,hurt
miss,miss
straks,soon
kjøpe,purchase
gitt,provided
stund,while
laget,species
jøss,yea
rom,room
pa,on
tidlig,early
begynne,begin
idé,idea
fly,fly
mente,thought
telefonen,phone
time,hour
tide,time
passer,fit
hendene,hands
blod,blood
vis,show
perfekt,perfect
kjente,knew
sint,angry
lære,learn
rart,weird
verre,worse
dritt,shit
sove,sleep
betale,pay
svar,answers
svært,very
sam,together
frank,frank
gift,married
gjelder,laches
ventet,waited
sendte,sent
finn,find
lager,storage
altså,therefore
fengsel,prison
sist,last
unge,young
likevel,Nevertheless
ille,bad
uker,week
fortsett,continue
viser,shows
stoppe,stop
klarte,was able to
hånd,hand
forteller,says
kjærlighet,love
aner,idea
slutte,quit
lov,law
nær,near
morsomt,fun
dr,dr
elsket,loved
sender,pass
hardt,hard
lykke,happiness
sitte,sit
middag,dinner
historie,history
skrive,write
beskytte,protect
lyst,want
dum,stupid
fare,danger
spiser,eats
sak,case
forstå,understand
reise,travel
slo,struck
leter,looking
sex,sex
måten,way
likte,liked
millioner,millions
damer,ladies
jenter,girls
kjør,drive
fall,downfall
spurte,asked
fortalt,told
synd,sin
skikkelig,decent
frem,forward
reddet,saved
idiot,idiot
brukte,used
herrer,gentlemen
york,york
trengte,needed
små,small
følge,follow
følger,following
kaffe,coffee
sende,send
pris,price
problemet,problem
vakker,beautiful
foregår,takes place
syk,sick
skyte,shoot
live,animate
barnet,child
prate,talk
ærlig,honest
farlig,dangerous
bruk,use
lot,lot
bo,live
drikke,drink
svarte,black
gratulerer,congratulations
land,country
større,bigger
flink,good
gifte,marry
rette,correct
legger,leg
fortsette,continue
avtale,deal
nummer,number
slipper,drop
datteren,daughter
kvelden,evening
lese,read
henter,retrieving
døra,door
lurer,wonder
slår,hits
jaså,yes
gøy,fun
bekymret,worried
ofte,often
herre,master
endelig,finally
ansiktet,the face
masse,a lot
åtte,eight
hjertet,heart
charlie,charlie
l,l
foreldrene,parents
døren,door
kun,only
sto,stood
betaler,Pays
ung,young
skjøt,joint
datter,daughter
egne,fit
skade,Damage
absolutt,absolutely
traff,hit
enkelt,single
hent,get
klokka,the clock
slippe,let go
forklare,explain
stole,trust
skutt,shot
venstre,left
råd,advice
kontakt,contact
krig,war
annerledes,different
verdt,worth
skrev,wrote
krigen,war
eget,own
stikke,sting
antar,assume
dr.,Dr.
ben,leg
vant,won
ønsket,wished
stikker,stick
hvite,white
høyre,right
historien,story
david,david
michael,michael
beskjed,message
husk,remember
tjeneste,service
føle,feel
lå,lay
høyt,loud
største,biggest
kort,card
kastet,threw
slåss,fight
vinner,winner
sjefen,boss
natten,night
skadet,hurt
skyt,shoot
rør,tube
spill,game
sjef,boss
født,born
særlig,especially
kompis,Buddy
kontoret,office
sjekke,check
huske,remember
glemte,Forgot
umulig,impossible
dessverre,unfortunately
spesielt,special
person,person
doktor,doctor
bevis,proof
sendt,sent
falt,dropped
flytte,move
mister,losing
drittsekk,assembly
plan,plan
by,city
nødt,need
forhold,relationship
vennene,friends
farvel,goodbye
klokken,clock
kult,cool
steder,places
opptatt,busy
noensinne,ever
stoler,chair
sover,sleeping
stolt,proud
skyter,shoots
raskt,quickly
mike,mike
peter,Peter
verdens,world
sjekk,check
vanlig,usual
svart,black
skynd,rush
vinne,win
rolle,role
vannet,water
ødelegge,destroy
vare,play
james,james
dame,lady
overalt,everywhere
søster,sister
tuller,jokes
smart,smart
kjørte,ran
joe,joe
skylder,owes
skriver,write
passe,fit
alvorlig,serious
skatt,tax
president,president
lykkelig,happy
menneske,human
ødelagt,broken
planen,plan
kjæresten,boyfriend
sekunder,seconds
stikk,kick
hånden,hand
drink,drink
bilde,picture
george,george
ordne,fix
leder,manager
mrs.,Mrs.
kjøpte,bought
døden,death
fest,feast
tv,TV
forstått,understand
forlate,leave
selge,sell
skål,toast
brukt,used
arbeid,work
iblant,occasionally
ordre,order
minste,minimum
sterk,strong
kamp,match
prøvd,tried
satte,set
fortsetter,continue
miste,loose
lurte,cheated
dyr,animals
bord,table
onkel,uncle
deler,part
følg,follow
søsteren,sister
savner,miss
fortjener,deserves
øl,beer
lik,equal
sju,seven
tingene,thing
plutselig,sudden
hvilket,which
sykehuset,hospital
send,sent
skipet,ship
slikt,such
søt,sweet
lyver,lie
kvinnen,the woman
møtt,over
glemt,forgotten
kroppen,the body
guds,God's
interessert,interested
mrs,Mrs
harry,harry
midt,central
ni,nine
ligge,lie
sjansen,chance
mennene,The men
interessant,interesting
lærer,teacher
skaffe,provide
okay,okay
kontroll,control
stjal,stole
savnet,missing
forelsket,in love
bill,Bill
merkelig,strange
enig,agree
lege,doctor
fungerer,works
general,general
baby,baby
usa,United States
kl,at
forbi,past
sulten,hungry
glemme,forget
lys,light
lukk,close
kalle,call
flyet,the plane
flyttet,moved
pent,pretty
verste,worst
lærte,learned
hender,hands
sluttet,ended
ære,honor
innen,within
kutt,cut
øyne,eyes
ryggen,the back
fleste,most
agent,agent
hjalp,help
eier,owner
personlig,personal
mary,Mary
jim,jim
nyheter,news
elske,love
kaste,throw
snu,authorize
dumt,stupid
hjerte,heart
sprø,crazy
blant,among
følte,felt
nydelig,gorgeous
øye,eye
arbeidet,work
fanget,captivity
danny,dordy
bob,bob
meter,meter
unnskyldning,apology
angrep,attack
morges,morning
mening,opinion
løs,loose
jentene,girls
lagt,added
jævel,bother
drikker,drinks
dumme,stupid
bilder,pictures
forrige,previous
trekk,traits
etterpå,afterwards
informasjon,information
advokat,lawyer
tilgi,forgive
pleide,used
bildet,image
folkens,guys
slutter,end
sov,sleep
både,both
jorden,earth
slike,such
kjempe,giant
levende,vivid
lukter,smells
maten,food
fbi,FBI
ma,MA
trygg,safe
film,film
betalt,paid
alex,alex
kongen,king
ordner,arrange
ferdige,ready
høy,high
møtes,meet
selger,seller
virket,worked
het,id
området,area
presidenten,president
fine,nice
kaster,throws
fru,lady
viste,knew
støtte,support
n,n
syntes,seemed
drep,kill
ræva,ass
forsvant,disappeared
skrevet,written
talt,spoken
tredje,third
telefon,telephone
lag,layer
lyset,light
reiser,index
hund,dog
slått,stroke
sjekket,checked
velge,select
pen,pretty
stakkars,poor
filmen,film
heldig,lucky
kjøper,buyer
moro,fun
nick,nick
håret,hairy
kampen,match
løy,lie
kjæreste,girlfriend
festen,party
enten,either
valgte,elected
ray,ray
bortsett,although
møtte,met
paul,Paul
munnen,mouth
nærmere,closer
måned,month
ordentlig,proper
liksom,like
forandret,changed
respekt,respect
spor,traces
kalte,called
forlot,left
oberst,colonel
takke,thank
spørsmålet,the question
møter,encounter
stakk,stick
frue,lady
himmelen,the sky
hvilke,what
ene,one
besøk,visit
dritten,shitten
pistolen,the gun
ringt,called
billy,billy
mål,goal
retten,right
halv,half
nærheten,close by
glede,happiness
merke,brand
legen,doctor
stans,stop
johnny,Johnny
london,london
frøken,miss
saker,stuff
bedt,at the
lært,taught
greier,things
årene,the years
tjener,servant
vakkert,beautiful
pleier,nurse
slutten,end
bekymre,worry
greia,thing
klær,clothes
tii,ten
tegn,symbol
hunden,the dog
trist,sad
henry,henry
gave,gift
trygt,safe
ungene,the kids
prater,talk
fange,prisoner
forferdelig,appalling
minst,smallest
martin,martin
sarah,sarah
jesus,jesus
makt,power
gravid,pregnant
båten,boat
danse,dance
steve,steve
ekstra,extra
ansvar,responsibility
spilte,played
håpet,hope
stemme,voice
fikse,fix
åh,oh
fullt,full
kvitt,rid
innom,stop by
faller,fall
hundre,hundred
meget,very
politi,police
flytt,move
lunsj,lunch
stol,chair
våpenet,weapon
såret,wound
lest,read
tjene,serve
hjernen,brain
skogen,the forest
musikk,music
svare,respond
lurt,wise
poenget,point
frisk,fresh
Jul,Christmas
krever,requires
sikkerhet,Safety
drap,kill
vakre,beautiful
sjekker,checks
dårlige,bad
bestemt,specific
herlig,lovely
bordet,table
thomas,Thomas
skip,ship
jævlig,damn
dele,share
bok,book
konge,king
o,o
nummeret,number
jake,jake
tommy,tommy
max,max
nødvendig,necessary
fører,leading
glipp,miss
likt,equally
blå,blue
minner,memories
taket,roof
sverger,swore
lete,look
starte,start
vennligst,please
leke,play
tilhører,listener
jimmy,jimmy
dypt,deep
leser,reader
trøbbel,trouble
paris,paris
nervøs,jumpy
begynt,started
nøyaktig,exact
karer,guys
drøm,dream
bakken,ground
starter,starter
mangler,missing
altfor,overly
bry,bother
trenge,need
selskap,corporation
høyere,higher
truffet,hit
knapt,barely
glemmer,forget
forresten,incidentally
sånne,such
startet,started
spiste,ate
hopp,jump
spist,eaten
kirken,the church
bytte,Exchange
stoppet,stopped
liket,corpse
trekke,migrate
ødela,destroy
håp,hope
endre,change
hemmelig,secret
will,Will
tony,tony
sikre,ensure
møttes,met
folkene,the people
overleve,survive
situasjonen,the situation
ordet,word
seriøst,seriously
omtrent,approximately
bodde,lived
inni,inside
folket,the people
hel,whole
stand,compare
målet,goal
ifølge,according to
mark,maggot
hvit,white
bevise,prove
velger,choose
dommer,judge
vinduet,window
leiligheten,apartment
bank,bank
gleder,pleasure
taper,loser
kast,throw
lngen,slope
glass,glass
grunnen,reason
bestemor,grandmother
stopper,stop
løytnant,lieutenant
unngå,avoid
lovet,promised
kyss,kiss
forlater,leave
åpner,opens
oppdaget,discovered
blåser,blows
dessuten,Furthermore
nøkkelen,key
overraskelse,surprise
fikser,fix
typen,the type
bygge,build
leste,read
brev,letter
tull,nonsense
nekter,refuse
dratt,go
greie,manage
menneskene,the humans
ansikt,face
type,type
stjele,steal
våkne,wake
følelser,feelings
løpe,run
bestemmer,decide
mulighet,possibility
te,tea
låne,borrow
elskling,Darling
eldre,elder
robert,robert
sees,see
kalles,is called
iallfall,at least
fornøyd,satisfied
frokost,breakfast
ødelegger,destroy
sexy,sexy
guttene,boys
loven,law
gratis,free
ren,pure
hår,hair
engelsk,English
fars,father
beholde,keep
kontor,office
maria,maria
inntil,up to
åpen,open
drømmer,dream
bar,bar
arrestert,arrest
klærne,clothes
spesiell,special
pistol,pistol
tilfelle,occasion
kall,vocation
vin,wine
chris,chris
km,km
blodet,blood
lette,light
stjålet,stolen
beina,the legs
avtalen,Agreement
toget,train
varmt,warm
sakene,things
derfra,from there
slag,punch
vakt,guard
spennende,exciting
fulgte,followed
morsom,funny
deilig,delicious
stykker,pieces
walter,walter
le,laugh
overrasket,surprised
kjenne,feel
stadig,ever
date,date
lure,fool
varm,warm
red,red
sang,song
koster,costs
mora,mother
trekker,pulls
giftet,married
gata,street
flaks,luck
fryktelig,terribly
forandre,change
henger,trailer
øyeblikket,moment
synge,sing
gutta,the boys
angrepet,attacked
foreldre,parents
ende,end
hull,hole
spis,eat
fy,fy
nåde,grace
claire,claire
begynnelsen,beginning
takket,thanked
hvile,rest
is,ice
sersjant,sergeant
sann,like that
kjøpt,bought
amerikanske,US
eddie,eddie
løse,solve
richard,Richard
tale,speech
svaret,answer
oppdrag,mission
reglene,the rules
uskyldig,innocent
sørge,grieve
funker,works
røde,Red
skyldig,guilty
vitne,witness
vilje,will
svarer,answers
sprøtt,brittle
flytter,move
professor,professor
unger,kid
natta,night
soldater,soldiers
gull,gold
valgt,elected
sen,late
herren,the Lord
føre,plead
armen,arm
kaldt,cold
åpnet,opened
slett,erase
året,year
tida,time
of,of
amerika,America
flyr,fly
betjent,attendant
kamerat,comrade
treffer,meeting
kalt,called
start,start
gulvet,floor
skape,create
karen,guy
brenner,burner
scott,scott
våpnene,the weapons
eksempel,Example
charles,charles
forsøk,attempt
boken,book
gale,mad
direkte,direct
anna,other
løper,runs
enhver,anybody
stein,stone
ulykke,accident
toppen,top
hotellet,the hotel
frykt,fear
kjøkkenet,kitchen
enige,agreed
kødder,meat
forsvinner,disappears
halsen,throat
hesten,horse
major,major
city,city
ifra,from
bobby,bobby
rent,clean
stengt,closed
ender,end
oppfattet,perceived
minutt,minute
reis,trip
morder,killer
hest,horse
styrke,strength
bildene,images
sparken,fired
stiller,stand
jane,jane
prosent,percent
veggen,wall
alvor,seriously
oi,oi
besøke,visit
dan,dan
sykehus,hospital
washington,washington
bety,mean
adjø,goodbye
form,shape
bryte,violate
forretninger,Business
halvparten,half
vanlige,common
lettere,easier
systemet,system
pust,breath
planer,plans
behøver,needs
lyve,lie
team,team
havet,ocean
søtt,sweet
tanken,the idea
endret,changed
stemmen,voice
soldat,soldier
verken,neither
spillet,game
fanken,swung
ligner,looks like
møtet,encounter
tross,despite
street,street
neppe,hardly
dave,dave
bære,carry
løpet,race
dean,dean
lovte,promised
minne,remind
kjemper,giant
normalt,normally
rene,clean
skader,damage
hæren,army
poeng,point
munn,mouth
selvmord,suicide
titt,look
ungen,kid
kjempet,fought
teller,counter
ettermiddag,afternoon
hore,hear
pause,break
magen,stomach
onde,evil
bestefar,grandfather
løgner,liar
kule,bullet
merket,labeled
dama,lady
betalte,paid
tøff,tough
arbeider,worker
trengs,needed
skudd,shot
fulle,full
carl,Carl
kate,cate
fullstendig,complete
prat,chat
babyen,baby
rik,rich
rike,kingdom
samtidig,simultaneous
vill,wild
samlet,overall
diskutere,discuss
na,now
søker,applicant
personer,person
sara,sara
tante,aunt
million,million
kapteinen,captain
leker,toys
nærmer,approach
oppdraget,mission
butikken,store
san,san
havnet,ported
senga,the bed
sjel,soul
hellige,holy
alder,age
bærer,porter
kraft,Power
fredag,Friday
dukket,appeared
mord,murder
kjedelig,boring
hils,greet
plager,ailment
viktigste,most important
rachel,rachel
and,duck
nevnte,mention
knulle,fuck
nøklene,keys
tydeligvis,apparently
tvil,doubt
tillatelse,permission
hevn,vengeance
ordnet,orderly
ler,laugh
hemmelighet,secret
hendt,happen
løgn,lie
intet,no
evig,eternal
topp,top
hendte,happen
igjennom,through
fisk,fish
våken,alert
lee,lee
solgte,sold
rød,Red
utmerket,excellent
skriv,write
hilse,greet
sheriff,sheriff
vanligvis,usually
virke,seem
simon,simon
smerte,pain
mexico,mexico
henge,hang
gjøres,made
bussen,bus
nord,north
fremtiden,future
seng,bed
dukker,doll
spøk,joke
hentet,picked up
hoppe,jump
regnet,rained
lengre,further
william,William
overfor,opposite
fjerne,remove
fienden,the enemy
england,England
vii,vii
morgenen,morning
meningen,the
overlever,survive
jason,jason
andy,Andy
privat,private
pratet,chatted
åpenbart,obviously
rask,fast
svin,pig
gjemme,hide
angående,regarding
drit,canal
beskytter,protector
skjule,hide
styre,control
banken,bank
drikk,drink
driter,shit
daniel,daniel
elskede,beloved
rekker,reaches
havner,harbors
øya,island
love,promise
grei,easy
kjørt,run
røre,stir
eric,Eric
amy,amy
sengen,bed
lord,lord
orker,can bear
glade,happy
naturligvis,of course
samtalen,conversation
bryllupet,wedding
skru,screw
luke,Hatch
jævelen,damn
politimann,policeman
frihet,freedom
bryter,switch
mørket,the dark
omkring,about
stolte,proud
firmaet,company
adam,adam
tanke,thought
luft,air
ulovlig,illegal
les,read
jepp,yard
voksen,adult
ed,oath
tviler,doubt
pakke,package
syv,seven
sko,shoe
dekk,deck
ringen,ring
sørg,sorrow
knust,broken
college,college
lady,lady
brøt,broke
kilometer,kilometer
viktige,important
d,d
biler,cars
feiler,fail
båt,boat
regler,rules
mottatt,received
late,pretend
partner,partner
bygningen,building
kjøtt,meat
nylig,recently
gråt,blubber
leilighet,apartment
latterlig,ridiculous
samle,collect
raskere,faster
kevin,kevin
virkelige,real
forventer,expects
sporet,tracked
mobilen,mobile
bråk,noise
vokste,wage
musikken,music
damen,lady
tingen,thing
boka,book
feire,celebrate
passet,passport
skole,school
halvt,half
per,per
karene,guys
fjor,year
ulike,different
delen,the part
kle,dress
tolv,twelve
forlatt,abandoned
morderen,killer
rekke,raise
låst,lock
brødre,brothers
sterkere,stronger
drakk,drank
skaper,creator
e,e
baren,bar
stasjonen,station
foreslår,suggests
barry,barry
drive,guide
strålende,glorious
verst,worst
hank,hand
regjeringen,the government
lagde,made
spurt,asked
forsvinn,disappear
sterke,powerful
truet,threatened
kysse,kiss
mørke,darkness
oh,oh
puste,breathe
oliver,Oliver
fader,father
scenen,scene
helgen,saint
majestet,majesty
rører,stir
smil,smile
tøft,tough
forsvinne,disappear
personen,person
varme,heat
skai,skai
ild,fire
mester,master
farten,the speed
uka,week
lange,long
stanse,stop
mørkt,dark
suger,suck
skremmer,scare
vidt,widely
matt,mat
gjemmer,hide
foretrekker,prefer
gruppe,group
javel,Oh well
hen,then
egg,egg
forsto,understood
trygge,safe
slem,naughty
situasjon,situation
skritt,step
skapt,created
tydelig,clear
sur,sour
snilt,kind
prisen,price
ferie,holiday
kul,cool
danser,dancer
begynn,begin
grensen,border
lede,lead
mors,mother's
planlagt,planned
forskjellige,different
solgt,sold
dans,dance
solen,sun
byttet,prey
felles,common
tape,tape
fortiden,currently
nøye,carefully
tanker,mind
snakkes,talk
arthur,arthur
søte,sweet
ri,ride
press,strain
tankene,mind
våknet,woke up
kelly,kelly
presentere,present
måter,ways
advokaten,the lawyer
maggie,maggie
texas,texas
fantes,existed
nyhetene,news
flykte,escape
gjett,guess
trodd,believed
lucy,lucy
fart,speed
kald,cold
susan,Susan
komplisert,complicated
rose,rose
fatter,understand
jones,jones
handle,trade
våkner,wakes
do,die
falle,fall
gjeng,gang
listen,list
synger,singing
bein,leg
don,don
hatet,hate
skremte,frightening
amerikansk,American
modig,brave
forvirret,confused
lørdag,Saturday
toalettet,toilet
levere,deliver
beinet,bone
gråte,cry
au,au
fanger,catches
handlet,shopped
jorda,Earth
kameraet,camera
trøtt,tired
jerry,jerry
savne,miss
kjærligheten,love
bestemte,decided
fiender,enemies
etasje,story
myrdet,murdered
knuse,smash
brenne,burn
bestemme,decide
kopp,Cup
anelse,concern
kar,tub
fælt,terribly
syke,ill
skjebne,fate
hær,army
runde,round
hoppet,jumped
rettferdig,fair
brevet,the letter
hard,hard
ansatte,staff
sterkt,strong
dronning,queen
fortere,faster
california,california
felle,trap
skremme,scare
mistenkte,suspects
hindre,stop
hopper,jump
hjemmet,home
villig,willing
vist,shown
penny,penny
phil,phil
tapt,lost
bud,messenger
doc,doc
jord,earth
røyk,smoke
alan,alan
drapet,murder
latt,let
samtale,conversation
årevis,years
lyden,sound
trener,coach
middagen,dinner
ansvarlig,responsible
hode,head
kilo,kilo
følelse,feeling
lyder,sounds
kurs,course
meste,most
t,t
los,loose
førte,lead
tenner,teeth
forsvare,defend
skjønte,realized
smaker,taste
posisjon,position
vaske,wash
alice,alice
arbeide,work
miles,miles
gråter,cries
merker,brands
oppmerksomhet,attention
visse,certain
kong,king
ante,ante
later,later
offer,victim
dop,baptism
al,eel
forholdet,relationship
våger,dare
ålreit,eel
oppfører,lists
travelt,busy
forslag,suggestion
forskjell,difference
hånda,hand
bad,bath
avslutte,graduate
hemmeligheter,secrets
mareritt,nightmare
kropp,body
tomt,empty
vold,violence
regner,rains
levde,lived
fungere,operate
søren,south
forsvunnet,disappeared
howard,Howard
ensom,lonely
skam,shame
adressen,address
turen,trip
høye,tall
involvert,involved
sannsynligvis,probably
panikk,panic
søvn,sleep
luften,air
roger,roger
svak,weak
tapte,lost
brian,brian
badet,bathed
kjelleren,basement
porten,gate
unntatt,except
takler,tackles
fengselet,prison
frankrike,France
klasse,class
kim,germ
programmet,program
vits,joke
hotell,hotel
bøker,books
leonard,leonard
dekket,covered
forklarer,explain
morgan,morgan
big,big
ofre,sacrifice
ryan,ryan
liste,list
pike,girl
lykkes,succeed
linda,linda
rar,weird
data,data
kysset,kiss
forbanna,damn
blind,blind
lisa,lisa
ted,ted
smak,taste
helvetes,hell
bygget,built
varer,goods
kvinnene,the women
løfte,lift
hjørnet,corner
offentlig,public
skapte,created
hjelpen,help
behold,retain
filmer,Movies
hjel,involvement
flyplassen,airport
mandag,Monday
skoene,shoes
stod,stood
ballen,ball
område,area
enkelte,individual
støtter,supports
valget,the election
whisky,whiskey
vunnet,win
skuffet,disappointed
chuck,chuck
opprørt,upset
chicago,chicago
stjeler,steal
halve,half
larry,larry
flotte,great
blomster,blossom
rotet,mess
melding,Message
medisin,medicine
forandrer,change
dust,dust
uvanlig,unusual
dagens,today's
grace,grace
styrer,board
dømt,convict
erfaring,experience
kjolen,dress
kniven,the knife
sakte,slow
drev,drive
overlevde,survived
ekteskap,marriage
etterforsker,investigator
myndighetene,the authorities
reist,traveled
sjalu,jealous
fransk,French
rick,rick
null,zero
føttene,the feet
joey,joey
amen,amen
angår,concern
enkel,simple
presset,pressed
anne,other
sparket,kick
jakt,hunt
hjulpet,helped
via,via
brukes,used
ment,intended
uken,week
tilgang,access
nære,close
åpent,open
bringe,bring
skaff,get
gårde,farm
manns,man
innrømme,admit
high,high
perfekte,perfect
forventet,expected
føltes,felt
purk,push
elendig,awful
søndag,Sunday
takknemlig,grateful
rumpa,ass
bygger,builder
håpe,hope
el,electricity
dagene,days
fremmede,strangers
bombe,bomb
beveger,move
været,weather
dronningen,queen
jacob,jacob
angripe,raid
sangen,song
lek,play
hester,horses
ferd,journey
armene,arms
kødd,flesh
lufta,the air
idioter,idiots
dekke,cover
djevelen,the devil
tør,dare
møt,against
selskapet,company
årsak,cause
planeten,the planet
jeff,jeff
behandlet,treated
radioen,radio
ligg,lie
kjekk,handsome
gary,gary
avstand,distance
forklaring,explanation
klubben,club
pressen,press
behov,need
bomben,bomb
beviser,proves
lytter,listener
takle,tackle
falske,fake
innblandet,involved
broen,bridge
van,van
julia,julia
elizabeth,elizabeth
forberedt,prepared
ansvaret,responsibility
imponerende,impressive
sviktet,betrayed
spar,save
overhodet,whatsoever
foten,foot
monster,pattern
tilbud,offer
snille,kind
hestene,horses
kniv,knife
emily,emily
ordene,words
europa,Europe
angriper,aggressor
slappe,relax
voksne,adult
tim,hour
nytte,benefit
forstyrrer,disturb
langs,along
drukket,drank
kamera,camera
reiste,travelled
månen,moon
gaten,street
energi,Energy
flaske,bottle
veier,roads
sjelen,soul
bekreftet,confirmed
prins,prince
løsning,solution
lås,lock
innså,realized
skjebnen,fate
tilby,offer
rydde,tidy
lyd,noise
roma,rome
dyktig,skilful
papirene,the papers
vennlig,friendly
takker,thank
skjuler,hides
vokser,grow
tider,times
spilt,play
fikset,fixed
husket,remembered
viktigere,more important
fiende,enemy
øyet,eye
mars,March
publikum,audience
tidspunkt,point
st.,st.
banker,banks
lavt,low
dekker,cover
tennene,teeth
elva,the river
bringer,bring
cia,CIA
hagen,garden
plikt,duty
skilt,divorced
brent,burnt
innenfor,within
victor,Victor
muligheten,possibility
v,V
offeret,the victim
vegne,behalf
utro,unfaithful
fingrene,fingers
uhell,accident
b,b
skapet,closet
naken,naked
jackson,jackson
ekteskapet,marriage
innser,realize
nettet,net
treffes,hit
rosa,pink
sjelden,rarely
spre,spread
dødd,dead
trykk,Print
heldige,lucky
hunder,dog
tvang,compulsion
smith,smith
gifter,toxins
spore,incentive
fjernet,removed
stil,style
gudene,gods
damene,the ladies
rasshøl,asshole
prinsesse,princess
smerten,pain
vitner,witnesses
følelsen,feeling
you,you
forestille,imagine
senator,senator
marcus,marcus
uskyldige,innocent
park,park
usas,America's
ranet,robbed
skylden,blame
fremmed,stranger
gammelt,old
nektet,denied
ron,ron
kontrollere,control
hysj,hush
bryllup,wedding
planlegger,plan
gjenta,repeat
clark,clark
emma,Emma
vinden,wind
drømmen,dream
trakk,pulled
fot,foot
dersom,if
pete,pet
dekning,coverage
donna,donna
tja,bar
knuller,fuck
beskyttet,protected
fa,few
ekkelt,disgusting
leiren,camp
bit,bit
redder,editor
partneren,partner
nakken,neck
urolig,uneasy
delta,participate
ide,idea
hemmelige,secret
jessica,jessica
fløy,flew
marty,marty
brutt,broken
sheldon,sheldon
buksene,pants
tilbyr,client
vettet,wet
deretter,thereafter
teamet,team
sies,said
beskjeden,modest
grader,degrees
roy,roy
sider,sides
staten,the state
grunner,Reasons
retning,direction
beskyttelse,protection
eiendom,property
invitert,invited
nivå,level
stykke,piece
skifte,shift
tett,closely
vaktene,guards
normal,normal
besatt,possessed
undersøke,survey
kjøp,buy
fylle,fill
vilt,wild
falsk,false
naturlig,natural
biter,pickle
skjult,candid
ideer,ideas
ligget,lying
atjeg,that I
verd,worth
angeles,angeles
rettferdighet,fairness
fakta,facts
tillit,trust
frykter,fear
vekke,arouse
heldigvis,Luckily
vest,west
banke,bank
skjønt,though
rømme,sour cream
black,black
fjerde,fourth
vedder,bet
tekst,text
yngre,younger
tog,train
historier,stories
klem,Hug
melk,milk
sekund,second
følt,felt
syn,sight
vegas,vegas
endrer,changing
tap,loss
trussel,threat
seier,victory
skjønne,understand
treet,the tree
leit,look
galskap,madness
purken,ceiling
signal,signal
knullet,fuck
skaffer,obtain
sykdom,disease
tungt,heavy
krefter,forces
fritt,free
gjengen,gang
stygg,ugly
tosk,fool
gjester,guest
annie,annie
rapporten,report
levd,lived
nærmeste,closest
river,tear
sanne,True
jackie,jackie
forbudt,forbidden
grønne,green
behandler,therapist
følelsene,feelings
sofaen,couch
fylt,filled
teknisk,technical
kreft,cancer
kontakter,contact
tomme,empty
lukket,close
definitivt,definitely
pluss,plus
timen,the hour
regel,rule
gav,gift
am,am
gjemt,hidden
laura,laura
julie,Julie
r,r
skaffet,obtained
pund,pound
engel,angel
banket,knocked
fulgt,follow
April,April
russerne,the Russians
informasjonen,information
roe,row
eventyr,fairytale
andrew,Andrew
krangle,quarrel
junior,junior
romantisk,romantic
dommeren,judge
gjeld,debt
prest,priest
steven,steven
sør,south
pene,pretty
king,king
hatten,hat
operasjon,operation
kostet,cost
forbindelse,connection
molly,molly
vokse,grow
blør,bleeds
sørger,mourn
stått,stood
gjette,guess
inviterte,invited
oppgave,task
knuste,smash
angre,regret
fordømte,condemn
røyker,smoker
ordrer,orders
magi,magic
avisen,newspaper
ond,evil
rødt,red
dreier,turn
johnson,Johnson
jammen,jam
typisk,typical
etterlot,left
stoff,fabric
kina,China
hell,hell
bodd,lived
kortet,card
kjempebra,Very good
plage,bother
ukjent,unknown
skremmende,terrifying
strømmen,the electricity
samler,collector
endte,ended
brandon,brandon
stilig,cool
forskjellen,the difference
nina,nina
sean,sean
stinker,stink
grave,dig
m,with
menneskelig,human
kjole,dress
jenny,jenny
katt,cat
gården,farm
still,exhibit
nemlig,in fact
døende,dying
rare,weird
fantastiske,wonderful
stygt,ugly
billig,cheap
parken,park
pikken,dick
kontakte,contact
personlige,personal
stilling,score
skitne,dirty
rapport,report
tåler,tolerate
erik,erik
terry,terry
sovet,slept
kartet,map
sykt,sick
kler,clothes
tyskerne,the Germans
pizza,pizza
gjest,guest
lily,lily
frivillig,voluntary
trolig,probably
advarsel,warning
drittsekken,assembly
hannah,Hannah
æren,credit
viss,certain
gjemte,hide
miller,Miller
spesielle,special
avgjørelse,decision
charlotte,charlotte
mistenkt,suspect
sommeren,summer
behandle,treat
tysk,German
eksisterer,exists
brann,fire
onkelen,uncle
kylling,chicken
tyskland,Germany
presse,press
plassen,place
mirakel,miracle
opplevd,experience
krav,claim
fitte,pussy
linje,line
landsbyen,the village
våkn,awake
kranglet,argued
forbannet,cursed
gjentar,repeat
spare,save
sliten,tired
toby,tooby
yeah,yeah
brød,bread
bøkene,the books
sverd,sword
restauranten,the restaurant
urettferdig,unjust
straff,penalty
kokain,cocaine
utstyret,equipment
fortjent,deserved
velsigne,bless
sittet,seated
suksess,success
aller,all
andres,other's
forsøkte,attempted
tvinge,coerce
humør,mood
blås,blow
tabbe,mistake
røyke,smoke
kunst,art
adgang,access
kledd,dressed
doug,booth
operasjonen,operation
lytte,listen
utsatt,exposed
fotball,soccer
miami,miami
rive,tear
pasient,patient
muligheter,possibilities
bekymrer,worries
fæl,gruesome
banen,path
samarbeide,cooperate
framtiden,future
stan,stan
carlos,carlos
pinlig,embarrassing
maskinen,machine
gar,gar
farge,color
mil,mile
kidnappet,kidnapped
radio,radio
nyte,enjoy
virkeligheten,reality
ansatt,employee
dørene,doors
basert,based
bravo,bravo
supert,Super
smake,taste
antakelig,probably
kriger,Warrior
west,West
eva,eva
wilson,wilson
fjellet,mountain
drømte,dreamed
kode,code
carter,Carter
framme,promote
interesse,interest
huden,skin
ført,fast
kake,cake
reisen,the journey
tilfeldig,random
måneden,month
adresse,address
geni,genius
sommer,summer
språk,language
villet,wild
jay,Jay
louis,louis
nesen,nose
fæle,terrible
forbrytelse,crime
ektemann,husband
stranden,beach
taylor,taylor
avsløre,disclose
velg,choose
torsdag,Thursday
tåpelig,foolish
lokale,local
muligens,possibly
risikere,risk
umiddelbart,immediately
lykkelige,happy
oversatt,translated
tall,number
leo,leo
teit,stupid
norsk,Norwegian
grav,grave
detaljer,detail
nysgjerrig,curious
ballene,balls
ledet,led
vakter,guards
sheriffen,sheriff
regne,count
ovenpå,top
stolen,chair
stjerne,star
bånd,band
klient,client
lide,suffer
skuespiller,actor
cole,coole
hvil,break
bjørn,bear
pusten,breath
dylan,dylan
innsiden,inside
unnskylde,excuse
opplysninger,information
vidunderlig,wonderful
gullet,gold
gudskjelov,goddess
fjern,remote
forstyrre,disturb
elven,river
innse,realize
rir,rimes
problemene,problems
okei,okay
kutte,cut
tips,timer
midten,middle
håndtere,handle
etterforskningen,the investigation
angrer,regret
carrie,carrie
tilbød,offer
vende,turn
alkohol,alcohol
skriker,screams
flyktet,fled
hitler,Hitler
sjanser,chances
dens,it
stenge,bar
midnatt,midnight
brystet,the chest
allikevel,still
koden,code
bensin,gasoline
lider,suffer
makten,the power
parker,park
fugl,bird
gruppen,group
svømme,swim
stygge,ugly
brødrene,brothers
desperat,desperate
samvittighet,conscience
narkotika,drug
brenda,brenda
imponert,impressed
sparke,kick
robin,robin
avdeling,department
respekterer,respect
års,year
rømte,escaped
løst,resolved
tusenvis,thousands
walker,walker
politikk,policy
indre,inner
offisielt,officially
restaurant,restaurant
cent,cent
tilbringe,spend
puster,breathe
skjære,cut
tirsdag,Tuesday
patrick,patrick
gordon,gordon
sola,sun
beholder,container
cooper,cooper
navnene,names
stenger,rods
nar,when
nathan,nathan
dobbelt,double
dna,DNA
vanskelige,difficult
overbevise,convince
rock,rock
sluppet,released
in,in
roper,shops
trene,exercise
kontrollen,control
no,no
inkludert,including
sukker,sugar
medlem,member
vender,turn
åstedet,the site
hill,hill
c,c
ørene,ears
halvtime,half hour
sikret,secured
gus,gus
kontakten,contact
gatene,streets
vitnet,witness
ombord,on board
begravelsen,the funeral
helen,helen
elliot,Elliot
kontanter,cash
signalet,signal
hengt,hung
forsøker,trying
riktige,right
katie,katie
istedenfor,instead of
enden,end
tilbudet,offer
truer,threatens
passende,appropriate
fysisk,physical
leger,doctors
forsøke,attempt
fremtid,future
lønn,payment
berlin,Berlin
ideen,idea
karl,Karl
hørtes,sounded
frankie,Frankie
farlige,dangerous
sjokk,shock
champagne,champagne
aaron,aaron
ann,other
ethan,ethan
nyt,enjoy
baller,balls
kaos,chaos
nevne,mention
kjeften,jaw
direktør,director
nr,no
show,show
hundrevis,hundreds
forsvar,defense
lat,lazy
skatten,tax
fryser,freezer
firma,company
ran,robbery
størrelse,size
pastor,pastor
vurdere,appraise
snur,turn
ledig,available
star,stands
dyrt,expensive
trynet,threat
bestille,order
spanderer,spend
bygd,vest
moderne,modern
nevnt,mentioned
rebecca,rebecca
amerikanere,Americans
livs,life
forlat,leave
talent,talent
markedet,market
tilgir,forgive
sliter,struggling
pakket,packed
sverdet,sword
byens,city
kino,cinema
stig,ladder
nancy,nancy
videoen,the video
rykter,rumours
ånd,spirit
oscar,Oscar
sorg,sorrow
såre,wound
private,private
bilene,cars
lo,laugh
hardere,have you
greiene,stuff
mac,mac
rakk,reach
høyeste,highest
øst,East
kuttet,cut
soverommet,bedroom
leie,rent
tilstand,state
bauer,bauer
familier,families
wayne,wayne
tyske,German
skyss,kiss
utstyr,equipment
rimelig,inexpensive
murphy,Murphy
sår,wound
steg,step
låter,song
enklere,simpler
spøker,jokes
ball,ball
minnet,memory
lederen,leader
advare,warning
brown,brown
selve,itself
hat,hate
kaffen,coffee
skynde,hurry
grusomt,cruel
fornuftig,reasonable
rådet,advice
slaget,battle
basen,base
nært,close
lekker,nice
francis,francis
kraftig,forceful
post,mail
ricky,ricky
sprenge,blow
afrika,Africa
media,media
triks,trick
karriere,career
fengslet,imprisoned
school,school
sjokolade,chocolate
tillegg,addition
kjerring,girlfriend
bevæpnet,armed
fyller,fill
enorm,huge
drevet,power
kofferten,the briefcase
hullet,hole
lukten,smell
godtar,accept
klager,complain
tullet,fool
skjønnhet,beauty
koste,cost
soldatene,the soldiers
arrestere,arrest
bevege,move
dom,sentence
betydde,meant
narr,fun
strøm,current
spørsmålene,the questions
showet,the show
trives,thrive
avgjøre,decide
risikerer,risks
skille,separate
hvitt,white
aften,evening
høyhet,high
offiser,officer
russisk,Russian
kopi,copy
vince,vince
jaha,jaha
taxi,taxi
oppføre,behave
gjor,do
fingeren,finger
siktet,wise
green,green
kart,map
berømt,famous
forsikre,insure
rykte,reputation
jordan,Jordan
beth,beth
medisinen,medicine
sjarmerende,charming
kontaktet,contacted
fungerte,worked
begått,committed
faktum,fact
carla,Carla
ali,ali
studere,study
desto,the
ost,East
tyv,thief
bytter,change
evner,ability
løser,solve
stilte,quiet
ronnie,ronnie
mennesket,human
behandling,treatment
brydde,cared
derek,derek
universet,the universe
oppi,uphill
bekrefte,confirm
boston,boston
helsike,health
avsluttet,end
kraften,the power
beundrer,admire
nesa,nose
livene,lives
karrieren,career
hæ,what
papirer,papers
lucas,lucas
fortjente,deserve
beslutning,decision
ross,ross
sentrum,downtown
katten,cat
invitere,invite
fullføre,complete
stukket,stabbed
planet,planet
regn,rain
super,super
kalde,cold
søke,seek
politisk,political
russland,Russia
jamie,jamie
oppnå,achieve
forleden,the other day
lincoln,lincoln
olje,oil
lagd,layer
kuler,bullet
kyle,kyle
boks,can
grønn,green
femte,fifth
tillater,allow
detaljene,details
chloe,chloe
sannhet,truth
ofrene,victims
universitetet,university
isen,ice
milliarder,billion
samfunnet,society
sjøen,sea
trening,training
homse,homse
hate,hate
juli,July
hjemmefra,from home
stede,facing
avslørt,revealed
jomfru,Virgin
utviklet,developed
fremover,forwards
søta,sweet
heks,witch
rapporter,report
jesse,jesse
